{
  "Version": 1,
  "ManifestType": "Publish",
  "Endpoints": [
    {
      "Route": "Images/gyllene-droppen.offtr1ll69.png",
      "AssetFile": "Images/gyllene-droppen.png",
      "Selectors": [],
      "ResponseHeaders": [
        {
          "Name": "Accept-Ranges",
          "Value": "bytes"
        },
        {
          "Name": "Cache-Control",
          "Value": "max-age=31536000, immutable"
        },
        {
          "Name": "Content-Length",
          "Value": "116213"
        },
        {
          "Name": "Content-Type",
          "Value": "image/png"
        },
        {
          "Name": "ETag",
          "Value": "\"nN2K72yl2sn3VqMcIGPPtduhmGkIkCXst3i9DiCI4po=\""
        },
        {
          "Name": "Last-Modified",
          "Value": "Fri, 22 Nov 2024 05:48:29 GMT"
        }
      ],
      "EndpointProperties": [
        {
          "Name": "fingerprint",
          "Value": "offtr1ll69"
        },
        {
          "Name": "integrity",
          "Value": "sha256-nN2K72yl2sn3VqMcIGPPtduhmGkIkCXst3i9DiCI4po="
        },
        {
          "Name": "label",
          "Value": "Images/gyllene-droppen.png"
        }
      ]
    },
    {
      "Route": "Images/gyllene-droppen.png",
      "AssetFile": "Images/gyllene-droppen.png",
      "Selectors": [],
      "ResponseHeaders": [
        {
          "Name": "Accept-Ranges",
          "Value": "bytes"
        },
        {
          "Name": "Cache-Control",
          "Value": "max-age=3600, must-revalidate"
        },
        {
          "Name": "Content-Length",
          "Value": "116213"
        },
        {
          "Name": "Content-Type",
          "Value": "image/png"
        },
        {
          "Name": "ETag",
          "Value": "\"nN2K72yl2sn3VqMcIGPPtduhmGkIkCXst3i9DiCI4po=\""
        },
        {
          "Name": "Last-Modified",
          "Value": "Fri, 22 Nov 2024 05:48:29 GMT"
        }
      ],
      "EndpointProperties": [
        {
          "Name": "integrity",
          "Value": "sha256-nN2K72yl2sn3VqMcIGPPtduhmGkIkCXst3i9DiCI4po="
        }
      ]
    }
  ]
}